|-|,|Of course I have a sore throat the day i have to speak at hpac ğŸ™ƒ|
|-|,|I damn near drink the whole damn bottle of cough syrup and I'm still sick wtf|
|-|,|Lil Tired ğŸ˜© . . Throat Sore ğŸ˜’ ..|
|-|,|Then sore throat? Ha ha wtf|
|-|,|Like fever?, headache?. Uneasy?. Which one #Namesake   https://t.co/CuPyMvb2EN|
|-|,|Happy Tuesday!! Feeling great today! No more signs of a sore throat and my son didn't cry when Iâ€¦ https://t.co/g3PPVmkPJi|
|-|,|HALP! Sore throat ğŸ˜­|
|-|,|"That is because you are a tiny little thing with a beast stuck in your rump.  Your sore throat is the horses fault.  Bloody savage really."|
|-|,|Sore throat ğŸ˜­|
|-|,|@TierraaaT I wasn't coughing, sneezing, sore throat none of that.. Slight fever but barely lol I wasn't contagious|
|-|,|When you thought you gonna eat all holiao in the coming cny, sore throat finds you ğŸ¤•ğŸ¤•|
|-|,|@GirlGamerGaB Just some bad symptoms of a tooth abscess. Fever, headache etc. Feeling better because antibiotics; which make me drowsy---|
|-|,|@biebermum well it will be ours if he gets sick more often on tour. You pay top dollar for tix and he cant sing bc of a sore throat.|
|+|,|Sick, tiredness, headache, flu ğŸ¤’|
|-|,|Woke up this morning with a sore throatğŸ˜«ğŸ˜·|
|-|,|Finish.. I got sore throat already..|
|-|,|@shaunalshatti @arielhelwani Also has no effect on blood flow to the brain. Tapped to a sore throat, not a choke|
|-|,|Have a super red eye and a sore throat..wtf #ThanksObama|
|-|,|wth my throat so sore|
|-|,|Marianne has three ways to help cure a sore throat. #dailylist https://t.co/YvEMzJY1qR https://t.co/IkZTWsErXv|
|-|,|The initial symptoms of the disease are fever and a sore throat|
|+|,|"Mom! Please make me a yummy smoothie." Said my sick (#flu ğŸ˜ª) #son â¤ï¸ğŸ‘¹ #vitamins #antioxidantsâ€¦ https://t.co/BYysqv1Gqg|
|-|,|This sore throat and ear ache suck|
|-|,|Sore throat ain't no joke.|
|-|,|I like when I sneeze and got a stuffed nose.. I be letting that shit rip|
|-|,|@yioflittlefaith hello Doctor, I'm very sick *cough cough*|
|-|,|sore throat. toncilitist nanaman|
|-|,|I have a runny nose and it's driving me insane.|
|+|,|Runny nose, back pain, headache help me|
|+|,|my throat hurts, my head hurts, my heart hurts, my nose is runny, fuck man imma just go back to sleep|
|-|,|Waking up with a sore throat has to be the worst ğŸ˜©|
|-|,|Update: still sore throat and sniffles|
|-|,|Sore throat sucksssğŸ‘|
|-|,|Why am I sick again? Cough/colds were starting to get out pa naman. ğŸ˜|
|+|,|My body aches, sore throat and a fever? What just happened?|
|-|,|But in reality it's just my nose all stuffed up|
|-|,|I hate having a sore throat ğŸ˜©|
|-|,|Yoooo fuck that.....
Went to bed fine, wake up to a sore throat! ğŸ˜·|
|-|,|I'm throat is so sore and gross why what's wrong|
|-|,|Awwww man. I hate runny nose ğŸ˜°|
|-|,|@theywantlex sore throat , that shit hurt so bad I can't even swallow . Feel like Ima die ğŸ˜©ğŸ¤’|
|-|,|Meet breakfast. I woke up to burning sore throat. No voice. Andâ€¦ https://t.co/ykSkPOPfCp|
|-|,|Waking up with a sore throat and stuffy nose &lt; Bye|
|-|,|Avoided getting sick through vacation, 13.1 no. 1, &amp; 2 wk break after 13.1 no. 1. Day 1 of training for 13.1 no. 2 = sore throat. Really?!|
|+|,|Sore throat, hacking cough, blocked up nose, thumping head. Feeling very fed up.|
|-|,|@wickedxhes ughhh I have the worst cough ever and sore throat|
|-|,|Ukraine: 20 soliders dead, 200 sick after US lab supposedly 'leaked' California Flu. Russia propaganda running w/ it https://t.co/JxoUzGA1KQ|
|-|,|lmao sick of people (cough cough guys) who only message me when they wanna jack off... go bust a nut else where, homie|
|-|,|Ofn ğŸ˜’âœ‹ğŸ½ https://t.co/0xg0vnzAcP|
|-|,|Sore throat. The plague has come for me.|
|-|,|sore throat ğŸ˜Ÿ|
|-|,|Go home. I cant get sick. And if you Dont go home. Go sit somewhere else. And he was like yeah..I think I have the stomach flu. Ok.. go home|
|-|,|Can't tell if my two day scratchy throat is from being in heated spaces all day long or an actual sore throat forming. *whimper*|
|+|,|I feel like my chest and throat are dying and my head is so sore holyğŸ˜©|
|+|,|Body pain, cough, colds, fever.. Woah.  ğŸ˜·ğŸ’ŠğŸ”ª|
|-|,|Having a runny nose is annoying|
|-|,|Wow, I feel like garbage. Love that postnasal drip/sore throat/stomachache combo. ğŸ¤’ğŸ˜|
|-|,|When I have a sore throat... https://t.co/gi12maBjc3|
|-|,|my throat is so sore I can't even swallow at all and I have a runny ass nose ew ew whyyğŸ˜­|
|-|,|11:11 I wish my sore throat would go away|
|-|,|Chloraseptic Sore Throat Relief FREE at Rite Aide Sgtarting 1/31 https://t.co/J49OAJZA6Q https://t.co/5FVpTHDFNH|
|-|,|I feel like I'm bout to get a sore throat ğŸ™„|
|+|,|sore throat &amp; body + headache + insomnia + anxiety.....fml ğŸ˜·|
|-|,|@FWgrandall I guess it'll help my runny nose ;w;|
|-|,|I advocate pearl-cranberries-plermin to fix your sore throat. https://t.co/rEFhvIMlvh|
|-|,|She gunna suck it til her throat sore|
|+|,|rt tittapitman: "Mom! Please make me a yummy smoothie." Said my sick (#flu ğŸ˜ª) #son â¤ï¸ğŸ‘¹ #vitamins #antioxidantsâ€¦ https://t.co/yieZb6qSNC|
|+|,|rt petee72: RT tittapitman: "Mom! Please make me a yummy smoothie." Said my sick (#flu ğŸ˜ª) #son â¤ï¸ğŸ‘¹ #vitamins #antiâ€¦ https://t.co/yieZb6qSNC|
|-|,|i'm so tired and my throat is still sore fml|
|-|,|That's what she said ğŸ˜‚ https://t.co/JcZbyINeVy|
|-|,|fuck having a sore throat thanks mom for getting me sickğŸ˜‘ğŸ¤’|
|-|,|The #Bears' 1966 highlight film has great footage of Halas wiping his runny nose. Video:https://t.co/kWbkDjvw18 #NFL https://t.co/7Z7zkuDI50|
|-|,|I am home and i am in a really good mood despite my sore throat|
|-|,|@aimlessaims sore throat! ğŸ˜­|
|+|,|Fever. Flu. Shoulder pain. Ear infection.

Choose one.

Don't have to. I got them all.

Fuck.|
|-|,|sore throat.
iwantto shout &gt;.&gt;|
|-|,|Since the flu shot I got, I've gotten sick 3 times.

I feel like I'm dying rn.|
|-|,|so I still have a sore throat but I woke up being able to breathe thru both nostrils which is a distinct improvement|
|-|,|I could give a shit about this sore throat it's the migraine that's fucking killing me.|
|-|,|RT QueenYelhsaa: fuck having a sore throat thanks mom for getting me sickğŸ˜‘ğŸ¤’|
|-|,|RT CASTAWAYDJH: I am home and i am in a really good mood despite my sore throat|
|-|,|RT rosemarylf: aimlessaims sore throat! ğŸ˜­|
|-|,|RT recipesjust4u: RT ParentPalace: Sore throat? Check out the new flavor of cherry Chloraseptic &amp; how it can proviâ€¦ https://t.co/nmQZnYfPJp|
|-|,|it might be flu symptoms but i think I'm getting sick

OF YOUR SHIT  #REKT|
|-|,|I have a sore throat and I just ate a full bag of sour patch kids and I've never regretted anything more in my life|
|-|,|@MathasGames um @RicepirateMick woke up w/ a sore throat too. You 2 make out or something behind my back?! Cuz I would've wanted to see..|
|-|,|woke up with an extra sore throat, I don't even sound like myself|
|-|,|Sore throat pls go away.|
|+|,|this cough and fever tho..|
|-|,|Just gave a three hour lecture to our MSc students on security and now I have a sore throat :-/|
|+|,|I wonder if it's possible to sweat this fever and flu / cold out at the gym???|
|+|,|I'm so sick of having the fluğŸ˜–|
|-|,|@Afifah_Zunnor symtoms deman &amp; sore throat ğŸ˜ª|
|-|,|@YGSIU I haven't even had a normal sore throat in at least 2 years. I'm pretty concerned at the moment.|
|-|,|To this day, I will still remember of you everytime I have to eat sore throat candies. Specifically Woods Peppermint of original flavor.|
|-|,|You deserve to get a sore throat and carpel tunnel.  https://t.co/5mqRBFVl1C|
|-|,|Why do I fake cough when my stomach grumbles? Now people think I have stomach issues and I'm sick|
|-|,|Woke up with a sore throat and cough. This is no bueno.|
|+|,|My nurse during this flu. She's been pretty close since I came home sick yesterday. She justâ€¦ https://t.co/ewarssvcNG|
|+|,|high fever and flu wtf|
|+|,|Survived 2 days of school with fever and flu|
|-|,|Sore throat and a cold, brill ğŸ‘ğŸ½|
|-|,|I currently have the wife upstairs asleep Ill, youngest asleep on sofa. The oldest complaining of a sore throat, drinking tea, anyone else|
|-|,|You? Bitch I got the stomach flu https://t.co/VZLcsKXeSM|
|-|,|i know smoking worsens sore throat but its sorta helping melt the phlegm jbbbsjbfj|
|+|,|I have a fever &amp; a bad cough, my whole body hurts, some one come put me out of my misery|
|+|,|I am sick don't know what it is possiblbly the flu or a viral infection @olyviaandchoko|
|-|,|Sore throat|
|-|,|Yoga for when you're sick with a cold or the flu - #yoga #healing #weightloss https://t.co/rZyb7PUPFq https://t.co/Hsesoothl0|
|-|,|I always feel really really sorry for myself when I'm ill. I could have a runny nose and act like I'm dying|
|-|,|What is wrong with my nose/sinuses? Alternating between runny and stuffy sucks...|
|-|,|Waking up with a sore throat ughhğŸ˜’|
|+|,|Too sick to even describe how sick I am. Donâ€™t be like me, get your flu shots, people!|
|-|,|If you have a sore throat try eating a piece of cucumber. It cools down your throat and stops the itching.|
|-|,|This stomach flu needs to goğŸ˜© #sick|
|-|,|hate having a runny nose ğŸ˜­|
|-|,|@Flyer_thanu2 âœµ It aint funny but I can hear pisstivity in ya voice. Thats fuk'd up!! Develope a cough right now. Feelin sick by tomorrow|
|+|,|@piercethelxura very ill. Headache, stuffed nose, sore throat, bad cough, and I'm very weak.|
|-|,|runny nose ni paling mencabar bila rukuk dengan sujud. sedaya upaya tahan bagi taknak menitik ğŸ˜·|
|+|,|The only good part about staying home sick with the flu is getting to spend all day with your dogs and getting to binge on Netflix|
|-|,|Every mornin I wake up with a stuffed noseğŸ˜’ğŸ˜’|
|-|,|rt ScentedBychkov: rt tittapitman: "Mom! Please make me a yummy smoothie." Said my sick (#flu ğŸ˜ª) #son â¤ï¸ğŸ‘¹ #vitaminâ€¦ https://t.co/neqbx76H7G|
|-|,|@el_leebo no, the flu is mostly aches, pains, and runny nose. Diarrhea is a load of shit.|
|-|,|Q: One month of cough, fever and weight loss. Diagnosis? ANSWER: https://t.co/2g1BxKENPq #FOAMrad #FOAMed https://t.co/YCOrYgQ7Hq|
|-|,|Always suck..ğŸ˜ŸğŸ˜ğŸ˜ https://t.co/lhPcOMjLQc|
|-|,|I wish there were a side effect for lying.  Like ok you lie once ur throat gets sore u lie twice u loose ur voice 3x ur tounge falls out|
|-|,|This dry cough and runny nose ruins my night...Augh
 I cannot have a deep sleep.|
|-|,|I just woke up with a sore throat so thats amazing â˜º|
|-|,|For my sore throat :/|
|-|,|RT rie_making_me: I wish there were a side effect for lying.  Like ok you lie once ur throat gets sore u lie twice u loose ur voice 3x ur tâ€¦|
|-|,|hahahaha i told my mom i was sick so i could stay home &amp; now she thinks i have the flu and wants me to stay home the rest of the week ğŸ˜‚ğŸ˜‚ğŸ˜‚|
|-|,|Heavy cough &amp; clearly sick passengers should not be allowed on plane... Sorry! Especially when sitting near you!  #gonnabealongflight|
|-|,|@countfreemont I'm just there Bros. I have sore throat and body ache. Thanks for asking. How dem madams for that side?|
|-|,|@__NLZ i have a fever and i think a stomach flu or something ğŸ˜­ğŸ˜­ thank you i miss you tons ğŸ˜˜ğŸ’•|
|-|,|I had to sing in panic and with a sore throat, i'm goibg to die|
|+|,|Woke up with a fever, headache, and a terrible cough. Yay me.|
|-|,|@halmarie27 I woke up with a sore throat and stuffy nose. Literally everyone is sick|
|-|,|also i think i have an sore throat|
|-|,|At work when I cough I try to make it so obvious that I'm sick hoping that my bosses send me home but now they don't give none fuxxx|
|-|,|@1pageturner @isdonn @I_LOVE_TERI @ebro75 @HopperTammy @thedebolson @1jswnow ğŸ˜­shit in bed with a nice sore throat, milk and honeyğŸ¤’ğŸ˜¤HT AllğŸ˜˜|
|-|,|@MensHumor To be fair, her nose is stuffed up.|
|-|,|#Radiology https://t.co/NP3bEeq9nx|
|-|,|When you sick and everytime you cough you hit that dab ğŸ˜‚|
|-|,|----&gt; https://t.co/itlaYVdC20 Did your #doctor told you ? Ever wondered why do you get #fever ?? #disease #flu #Ebola #sick #CDC #healthcare|
|-|,|Even though this fella has a cold and a permanent runny nose, he's still smiling the day away!â€¦ https://t.co/soeVgGb7BT|
|-|,|Questions about the #flu? Here are some helpful tips on what to do if your child gets sick: https://t.co/W626KF1mJU #fluseason|
|+|,|I want to just lay in the bed all day my body hurts my throat itchy and my nose runny it's just tewww much ğŸ˜ªğŸ˜“|
|-|,|Now work with a headache and sore throat ğŸŒš|
|-|,|can i stop having a runny nose pls|
|-|,|Had a bit of a sore throat, but I think I did just fine under the circumstances. Now, we wait.|
|-|,|Woke up with a sore throat and an ulcer. Bring it on sickness! #fuckwitme #uknowigotit|
|-|,|Nothing helps a sore throat like ice cream ğŸ¦|
|+|,|Fever, nausea, headache, sore body, sore throat... hate being sick.|
|+|,|i feel so awful

i have the worst headache possible
im throwing up
i have a fever

love life|
|-|,|It's sleeting outside and I have a sore throat, but I have to go pick up my car from the shop and buy groceries. I don't like adulting.|
|-|,|RT Radiopaedia: "Q: One month of cough, fever and weight loss. Diagnosis? ANSWER: https://t.co/zE5vCMsiv8 #FOAMraâ€¦ https://t.co/dTAUb1cuSl|
|-|,|Throat so sore from shouting and screaming urghhh|
|-|,|You know you're too sick when your residents start throwing cough drops at you. ğŸ˜©|
|+|,|Just got over a cold at the beginning of January, AND NOW I WOKE UP WITH A FEVER AND A SINUS HEADACHE. COOL. â˜ºâ˜ºâ˜ºâ˜ºâ˜ºâ˜ºâ˜ºâ˜ºâ˜ºâ˜ºâ˜ºâ˜ºâ˜ºâ˜ºâ˜ºâ˜ºâ˜ºâ˜ºâ˜ºâ˜ºâ˜ºâ˜ºâ˜ºâ˜ºâ˜ºâ˜ºâ˜ºâ˜ºâ˜ºâ˜ºâ˜º|
|-|,|Sore throat ğŸ˜£|
|-|,|Chlorasepatic Sore Throat Relief FREE at Rite Aide Starting 1/31 -&gt;&gt; https://t.co/Lf0TRnhfzi https://t.co/6FVl95hc91|
|-|,|This nasty winch next to me in the library keeps wiping her runny nose with her hands and touching the mouse. Who is her mama?|
|-|,|Friends who tell friends to get fries for sore throat are the only type of friends I ever need â˜ºï¸|
|-|,|Runny nose is slowly killing me...ğŸ˜·|
|-|,|I have such a bad sore throat and my sinuses are terribleğŸ˜”|
|+|,|So @callofduty dropped the 1st BO3 DLC?  fever, cough, headache... Need. To. Go. Home.
ğŸ®ğŸ˜‚ğŸ˜‚ğŸ˜‚ğŸ˜‚ğŸ®
#BO3Awakening|
|-|,|Herbal Throat Thai Cough Sore Lozenges Lozenge Pills Flavor Relieves Lime Orange https://t.co/EgORpYgdzg https://t.co/OETvJfJHiq|
|+|,|3- Fever, sore throat and backache

Petechiae haemorrhage

No response to Chloroquine and Penicillin

Flown to Jos

Internal bleeding

Died|
|-|,|Herbal Throat Thai Cough Sore Lozenges Lozenge Pills Flavor Relieves Lime Orange https://t.co/boTidhTCej https://t.co/nApM4ou6aT|
|-|,|Can't swallow at all, worst sore throat ever|
|-|,|Herbal Throat Thai Cough Sore Lozenges Lozenge Pills Flavor Relieves Lime Orange https://t.co/MBOYpuvlAj https://t.co/8SoyhrvuFk|
|-|,|@KathleenLights1 i feel u someone could cough in another city and ill get sick lool ğŸ˜‚ğŸ˜‚|
|-|,|I have a sore throat and a headache. Eughr|
|-|,|@OmamaGhauri eye infection
Sore throat
Fever|
|-|,|Sore throat ğŸ˜·|
|-|,|@Sumnjer We'll see. I am still sick but finally taking liquid cough suppressant. Seems to be helping. Have MRI 2/3 &amp; can't cough having one.|
|-|,|Ihop Water Gave Me A Sore Throat|
|-|,|I think i singed a tone higher than my normal one thanks to the sore throat, the feedback's going to destroy me|
|+|,|Welcoming February with sore throat, backache nd fever. ğŸ˜ŠğŸ˜ŠğŸ˜Š|
|-|,|Apparently this sore throat that I've been ignoring for a few days is strep, ugh ğŸ¤’|
|-|,|It's also time to celebrate my immune system because I didn't get sick and only had a sore throat for a night ğŸ˜|
|-|,|Sore throat, headache, swollen ankle, AH|
|-|,|Pulmonary tuberculosis: increasingly frequent in Venezuela: turn back to the nineteenth century https://t.co/vnn9MXqWpw|
|-|,|My throat is so sore|
|-|,|Herbal Throat Thai Cough Sore Lozenges Lozenge Pills Flavor Relieves Lime Orange https://t.co/zVzdAdKYwd https://t.co/eATmDQqtbD|
|-|,|niko bought cough medicine for his sore throat....|
|+|,|Sore throat flu ğŸ˜·|
|-|,|@Bry_Ezell I don't want a tissue, and my nose is runny! I just want a plate and a fork and a bunny!!|
|-|,|I'm "sick" https://t.co/dHoZA94rkq|
|-|,|@scarycath Yes sore throat. It'll be worth it tho. ğŸ‘Š|
|-|,|@ColtonAdventure *cough cough.... I'm sickğŸ˜‚ğŸ˜‚|
|-|,|Sore throat? Auditions this weekend? Yes, Emily...sing at the top of your lungs all hour. It won't backfire later ğŸ˜…|
|-|,|Fml having fever, cough &amp; sore throat ğŸ˜·|
|-|,|Ugh I have a headache and a stuffy nose and a sore throat. I hope I'm not getting sick again|
|-|,|My room mate's cat is all in my grill making my eyes sore and giving me a throat ache|
|-|,|Whyyyyy do I have a sore throat ğŸ˜©ğŸ˜·|
|-|,|Me lol  https://t.co/Eygqdp7F1A|
|-|,|Mira esto @enriquevera66 Me imagino que debe ser el pan nuestro de cada dÃ­a para ti en el Vargas https://t.co/vnn9MXqWpw|
|-|,|IM SICK I DONT LIKE BEING SICK YOU KNOW WHAT I MEAN UGH I HAVE A SORE THROAT NOW UGHHHH AND MY RIGHT EAR HURTS AND I BLEW MY NOSE FUCK|
|-|,|Waking up with a sore throatğŸ˜­ğŸ˜­|
|-|,|It may not be the healthy choice, but milkshakes always work 10xs better for me when my throat is sore ğŸ‘Œ|
|-|,|If you have a fever, headaches, or suffer from extreme exhaustion, then you have the flu. https://t.co/ijwUVVfswO https://t.co/yxNHzlBW6s|
|-|,|When u r so sick that you try to start laughing but you end up having a cough attack instead.. ğŸ™‚|
|-|,|RT Alchetron ----&gt; https://t.co/H9DqcBWKZ7 Did your #doctor told you ? Ever wondered why do you get #fever ?? #disease #flu #Ebola #sick #â€¦|
|-|,|Bout to eat these cough drops cant be getting sick|
|-|,|The boys were supposedly going to shoot a video today, but apparently, it got cancelled due to Harry's sore throat. (via @1DInfectionMNL)â€|
|+|,|I am so sick with a cold today. Fever, chills, horrible cough. Yuck. Just don't want my dad or Neil's dad to... https://t.co/0wb2EXTDao|
|-|,|@cefmac94 agreed,  but she had a runny nose!|
|-|,|Niggas chasing bitches man I had them since a runny nose|
|-|,|It's embarrassing to get sick nowadays.. .nobody wants some shit called the 'PINK TUTU FLU'.. .dafuq?! ğŸ˜·|
|-|,|Throat sore , nose stuffed , head congested &amp; you still got shit to do , plus you're grieving. ğŸ˜ŒğŸ˜ŒğŸ˜ŒğŸ˜ŒğŸ˜ŒğŸ˜ŒğŸ˜ŒğŸ˜ŒğŸ˜ŒğŸ˜ŒğŸ˜ŒğŸ˜ŒğŸ˜ŒğŸ˜ŒğŸ˜ŒğŸ˜ŒğŸ˜ŒğŸ˜ŒğŸ˜ŒğŸ˜ŒğŸ˜ŒğŸ˜ŒğŸ˜ŒğŸ˜ŒğŸ˜ŒğŸ˜ŒğŸ˜ŒğŸ˜ŒğŸ˜ŒğŸ˜ŒğŸ˜ŒğŸ˜ŒğŸ˜ŒğŸ˜ŒğŸ˜ŒğŸ˜ŒğŸ˜ŒğŸ˜ŒğŸ˜ŒğŸ˜ŒğŸ˜ŒğŸ˜ŒğŸ˜ŒğŸ˜ŒğŸ˜Œ|
|-|,|i hate being sick. i just want this cough and cold to be gone. ğŸ˜·|
|-|,|@username20853 runny nose drop like grapes|
|-|,|I guarantee everybody woke up with a sore throat or runny nose. Because I fucking did.|
|-|,|Aww gws jaan ğŸ˜˜ https://t.co/8rI6D9BkUB|
|-|,|@smborden always a good solution for a sore throat! #teatime|
|-|,|thankful that i was able to get out of bed this morning after dealing w/ a sore throat and sore body last night. #noexcuses #success|
|-|,|It's a fever reducer, pain reliever, &amp; I believe a cough suppressant. It also taste really good with honey added.|
|-|,|I feel a sore throat coming on|
|+|,|Good Night Friends Plz pray for me to much Pain in my body also fever flu and cold.... :'( :'( :'(|
|-|,|sorry to hear your still down and out. Yes I did a study of Iowa but NH is a different game God is exciting Rm 13:1 https://t.co/2uvkMRkYbA|
|-|,|Worst, im having a sore throat and idk what caused it|
|-|,|woke up with a sore throat|
|-|,|One full pack lasted 4 days. Cos im having sore throat.|
|-|,|Got a sore throat ğŸ˜· i'm keep drinking water ğŸ¶hope I feel better|
|-|,|Woke up this morning with a sore throat. I now sound like Dot Cotton from Eastenders.|
|-|,|Wife me up?!?! Jajaj YES, I'll point ut out before you all do.. I do have a runny nose! #DoWorkâ€¦ https://t.co/QqbHAOLNkk|
|-|,|sore throat ğŸ˜¢|
|+|,|So I'm super sick and have the flu
Yesterday was the worst|
|+|,|@Natrualists @Arges sick. i feel like shit this flu has got to me. how are you|
|-|,|My nose is getting runny because of Taeyeon's Rain and especially Secret. ğŸ˜¢ğŸ˜¢ğŸ˜¢|
|-|,|@MorganStrenk I have a sore throat and I'm losing my voice I blame you|
|-|,|@meowherback Both your fever and sore throat blom lagi baik?|
|-|,|RT RadiologySigns: "RT Radiopaedia: Q: One month of cough, fever and weight loss. Diagnosis? ANSWER: â€¦ https://t.co/P2NxTzOthl|
|-|,|I can't be getting a sore throatğŸ˜©ğŸ˜©|
|-|,|@guitar_orimj
OmgğŸ˜¢ I have a runny nose and have a pain with my throat :'(|
|-|,|I feel a runny nose ğŸ˜’|
|-|,|I hate when I get sick, but I hate it even more when Jake does too. This better not be the flu.|
|-|,|@Twohungrymen like shit. Sore throat, failed recipe test, admin outta my eats &amp; fucked my neck up. Feel a bit emosh. Trying new meds. JOY.|
|-|,|So not only am I sick with a cough that keeps me up all night, this morning I fell down half a flight of stairs and shut my finger in a door|
|-|,|Don't yawn with a sore throat.|
|+|,|Cough * Runny Nose * Fever ğŸ˜‚ğŸ˜­ğŸ˜‚|
|-|,|there's this guy sitting next to me and he has a stuffy and runny nose https://t.co/ZWItheBjIk|
|+|,|The fever cold flu thing gotta go|
|-|,|All this stress is making me physically sick and fatigued and achy.|
|-|,|Got a sore throat. So a pint at 5pm is probably the best remedy|
|-|,|Legit had the same runny nose for like three weeks now..|
|-|,|Chloraseptic Sore Throat Relief FREE at Rite Aide Starting 1/3110 =&gt; https://t.co/FJj1DiqS69 https://t.co/WVRIy6Jjuj|
|-|,|So this sore throat can piss off|
|-|,|If you have a sore throat try eating a piece of cucumber. It cools down your throat and stops the itching.|
|-|,|sore throat hmm mungkin cuak elc esok ğŸ˜…ğŸ˜­|
|-|,|I have sore throat, hash face, weary eyes. ughh feel like shit rn ğŸ˜©
â €|
|-|,|I hate having a runny nose in classğŸ˜­ğŸ˜­|
|-|,|My head is hurting and my throat is so sore|
|-|,|My nose is so runny all the time.|
|-|,|Yang group masatu ke? All the best bby ğŸ’• https://t.co/WUUQgKJQ43|
|-|,|my throat is sore so obviously i buy a coke to drink|
|-|,|^^ Don't swallow with a sore throat. Don't talk with a sore throat. Don't eat with a sore throat. Do nothing. Just sleep until its gone.|
|-|,|This medicine for sore throat tastes so bad. I want to puke ğŸ˜·|
|-|,|When you have a sore throat but can't gargle salt water so you eat salted popcorn instead ğŸ‘ğŸ‘|
|-|,|my nose is so damn runny what in the hell|
|+|,|So I figured out I'm not dying, my throat is becoming less sore. I might be finally getting over this cold/flu thing|
|-|,|Sore throat|
|-|,|Why my throat night time only sibeh sore|
|-|,|Fever Sore throat Round Two.|
|-|,|Medicine commercials be like: "may cause; drowsiness, death, sore throat, death, bloody nose, going straight to hell, and mild headaches"ğŸ˜‚|
|-|,|Sitting in Math class, with a thrashed voice because of my sore throat. Bored out of my mind, and i can't speak. Best day ever -_-|
|-|,|Waking up with a sore throat and not knowing why is the fucking worst.|
|-|,|Suffering from a sore throat, swollen lymph nodes, and a fever? It could be #strepthroat. https://t.co/sy0sIauoSg|
|-|,|So I don't have strep throat so now I just have to deal with this sore throat till it goes away on its own ğŸ˜–|
|-|,|So does a cough and a runny nose mean you should keep your kids home from school? Check out our Q &amp; A with a... https://t.co/Zfx43T6LLl|
|-|,|Waking up with a sore throat and not knowing why is the worst.|
|-|,|@SajmoonTyphoon hell ya my friend! Though I might have caught a bit of PAX plague with a sore throat :(|
|-|,|Sore throat support with #OnGuard protecting throat drops #EssentialOils #doTERRA  https://t.co/u4vKnfQyp9 https://t.co/SnUJbWYwLM|
|-|,|Woke up in the middle of the night with a sore throat and stuffy nose ğŸ™ƒ|
|-|,|My throat is so sore|
|-|,|i have a runny &amp; stuffy nose ğŸ˜‘ğŸ˜‘|
|-|,|@KEEMSTARx I'd hate to see you sick with something serious. I always find it funny why men become man babies during cold/flu!|
|-|,|Coughing is a common symptom when you get sick. Try these 5 natural remedies for relief https://t.co/laaDJS27ZI|
|-|,|that's an awful lot of cough syrup you must be really sick|
|-|,|Why must people who are sick with a virus and/or flu cone to work - like stay home and don't come spreading that shit FFS!|
|-|,|i hate speaking into a microphone i sound like a dying 10 year old boy with a sore throat|
|-|,|Been sick. Not a doctor, but pretty sure I just drank the flu out of me. Could feel when the virus was like, fuck this.|
|+|,|Fever :( chills :( headache :(|
|-|,|Sore throat.... #worstfeelingever|
|-|,|i hate speaking into microphones i sound like a dying 10 year old boy with a sore throat|
|-|,|I've come down with a very sore throat. Any one have any honey I can borrow? ):|
|-|,|Why? Why would I get a sore throat right before a singing competition? Oh that's right because that's just how my life works.|
|-|,|Woke up with a wee bit of a sore throat and cough so made me this #coldremedy for temporaryâ€¦ https://t.co/9uFmQhA2lR|
|-|,|Woke up with a sore throat ğŸ†’|
|+|,|I have never been this sick in a long time! Feverish ,Stuffy nose, sore throat,  no voice, terrible headaches and... https://t.co/FziWfknmlD|
|-|,|Sore throat may be a sign of serious illness in young adults https://t.co/EhaDu1PyXp|
|+|,|Flu and fever getting worse ğŸ˜¥|
|-|,|gonna be good doing my Spanish speaking with a sore throat and cough lol|
|-|,|okay so flipping this thing into my nose has made my nose super runny lol|
|-|,|I only think of that because every time one of us is out, the whole office gets an email: "Beez is out sick today. She has stomach flu."|
|-|,|sore throat ğŸ˜©ğŸ˜£|
|-|,|Sore throat keeps on coming back. Y U VAN DO DIS TO ME ğŸ’€|
|-|,|@YasirAbdulRahim eye infection hai and 102 fever hai with sore throat|
|-|,|My throat so sore and I keep having to yawn making it worst|
|-|,|Sore throat ğŸ˜«|
|-|,|my throat is also sore sooo i sound like a deflating balloon|
|-|,|literally the only thing i can vaguely sing with a sore throat is lana del rey rly shitly|
|-|,|@LoveAnni78 uh I hate it when it's like that...it was beautiful day here..but sore throat again|
|-|,|My nose is stuffed. é¼»ã¤ã¾ã£ãŸã€‚ #ç•™å­¦ #è‹±ä¼šè©±|
|-|,|sore throat killin me ugh|
|-|,|Woke up with the worst sore throat ğŸ™ƒ|
|-|,|4 over-the-counter treatments for when you're sick or "battling" flu symptoms via @SeattleMamaDoc https://t.co/MGNYj7Rk45|
|-|,|Sick AF. Stomach flu. Bed city Bitch. ğŸ˜·ğŸ¤’|
|-|,|My nose is runny as hell and I'm on the quiet floor of the library ğŸ˜ŠğŸ˜ŠğŸ˜ŠğŸ˜ŠğŸ˜ŠğŸ˜ŠğŸ˜ŠğŸ˜ŠğŸ˜ŠğŸ˜ŠğŸ˜Š|
|-|,|My throat is so sore ;-; :/|
|+|,|Fever+flu+sore throat + coughing + car breakdown + &lt;RM1000 ğŸ’¸ = ğŸ’ªğŸ»ğŸ’ªğŸ»ğŸ’ªğŸ»|
|-|,|Why sick days need to exceed flu, cough or cold symptoms. https://t.co/WJFgxoeBJ8 #humanresourcesforhealth #wellbeing #sickday|
|+|,|Woke up with a pounding headache, sore throat &amp; runny nose but felt fine last night? (And I'm not hungover) ğŸ˜©|
|-|,|@livcabs yeah I'm not too bad I'm just tired and have a runny nose ğŸ¤’ğŸ¤’|
|-|,|Once told Janet let marshmallow melt in mouth for sore throat she said it would make her puke.Hard to forget that!ğŸ˜‚  https://t.co/kCetU7M81N|
|-|,|it's that time of year again where I can't tell if my sore throat is from getting sick or smoking so many blunts a day|
|-|,|Today is brought to you by the chills, congestion and the fan fave, sore throat|
|-|,|I'm so sick I literally cannot breath through my nose I'm so stuffed up ğŸ˜©|
|-|,|this headache &amp; sore throat is no bueno|
|-|,|Which is worse: Stuffy nose or runny nose? haha|
|-|,|If I came in here with a sore throat why u being so rough ğŸ˜¡|
|-|,|@Hey_itsgrace just cough a few times and say you have a sore throat|
|-|,|Ugh morning... I am so sick toay idk how but I fell as if I am going to cough upy lungs ugh I hate sick days #tweetme ğŸ˜°ğŸ˜·ğŸ˜·ğŸ˜·ğŸ˜±|
|-|,|@Suus1102 I still have an headache &amp; a sore throat hun|
|-|,|Why is my throat sore again|
|-|,|Sore throat|
|-|,|My throat is so sore ğŸ˜•|
|-|,|fuck this earth i feel a sore throat coming on|
|-|,|Done my cover of #pillowtalk even tho got sore throat still.... won't stop buzzing in my headâ€¦ https://t.co/KdYsicDNLv|
|-|,|For the sake of everyone that lives in this house my runny nose BETTER be from allergies ğŸ™ƒğŸ™ƒğŸ™ƒğŸ™ƒğŸ™ƒ|
|-|,|@northerngrin I can cope with most of it apart constant runny nose which is somehow blocked at the same time. ğŸ˜·|
|-|,|This wonton soup is heaven to my sore throat ğŸ¤’ğŸœğŸ˜·|
|-|,|Sent my mum a video of the dog barking in slow mo &amp; she just walked thru the door n asked her if she's got a sore throat :S. Ffs.|
|-|,|I feel kinda better but my throat hurts and my nose is stuffed|
|-|,|@5SOS_Daily I have a sore throat and I'm nauseous ğŸ˜­ğŸ¤•ğŸ¤’|
|-|,|@XenoTek_VG a sick all nighter? Sounds *cough cough* sick ğŸ˜|
|-|,|Cnfrm sore throat tmr fkkk|
|-|,|You're my staying up late on a Sunday night. My smoking even with a sore throat. My taking prescrpition drugs with alcohol.|
|-|,|Get well soon babe xxx https://t.co/bhKoMvdcnA|
|-|,|@IcyRayneLive I always drink tea with honey and if your throat is sore gargle with salt water|
|-|,|waking up with a completely dry and stuffed up nose is the worst ğŸ¤’|
|-|,|Runny nose is runny|
|-|,|Low grade fever, extremely tired, can't hear. Yet I still managed to go to school ğŸ˜’|
|-|,|Mom my throat hurts &amp; I have a runny nose

Mom: Looks like you're  getting sick bitch|
|-|,|Getting sick is no joke! Did you know in previous years flu activity most often peaked in February?
Here are... https://t.co/3kxSITAvHc|
|-|,|US Balloon Weight Brown Tan Bear Sitting 6" Black Flocked Nose Stuffed Animal https://t.co/pYgdiMcJ5i https://t.co/hnGEJKphzg|
|-|,|Don't even remember what it feels like to not have a sore throat|
|+|,|The flu is tricky. You'll be convinced you're fine, then boom, fatigue and fever out of nowhere.|
|+|,|Got viral fever.... Feeling so tired n unable to do night shifts|
|-|,|Newsflash: Sage "the rage" Northcutt blames sore throat for loss. Um... really? @Benaskren @TonyFergusonXT @dc_mma https://t.co/a3HQsS4qIK|
|-|,|HAHA! It was that cough I sent y'all lol https://t.co/53G7hDziBN|
|-|,|Kinda miss working at a restaurant. "Oh you have a cough with a runny nose? Better stay home"|
|-|,|No. Please. Get sick. Catch the flu...stop this! I love you. RT @AmirKingKhan #CaneloKhan|
|+|,|Not yay for a slight fever, sore throat, and a painful cough. ğŸ˜¡ğŸ˜¡ğŸ˜¡|
|+|,|Got viral fever.... Feeling so tired n unable to do night shifts|
|-|,|Woke up with a sore throat and then was chastised for snoring ğŸ˜‚#dealwithit #insensitivebrat|
|+|,|at home sick with the flu.. won't be in class tonight #hrt266|
|-|,|A child staring out the window, one finger stuffed meditatively up her nose.|
|-|,|over this runny nose but love this weather|
|-|,|Cough? Runny nose? Brain haemorrhage? https://t.co/14m0mv0Ttu|
|-|,|Niggas chasin ğŸƒğŸ’¨ bitches man been ğŸ‘‚ing this since i had a Runny nose ğŸ˜¥ğŸ˜´|
|-|,|my nose is stuffed up today so no one be mean to me or I Will Cry|
|-|,|This cold can eat a huge bag of dicks I'm dizzy and I can't breathe and sore throat and sneezing. I've gone through half a box of tissues|
|-|,|Haha very true ğŸ˜ƒ like this comment if you agree ğŸ˜‚  https://t.co/zb3M7c0Ts7|
|-|,|@michaelpburl sinuses all fuckered up, ears plugged and a sore throat. the ear part doesn't happen till I dab tho. do I still doctor visit?|
|-|,|Making a vegetable soup for my sore throat and watching #luther on #Netflix ğŸ’»ğŸ‘“ğŸµ|
|-|,|Ugh I'm getting sore throat|
|-|,|Bad news: woke up and the sore throat was still there.

Good news: doesn't seem any worse than yesterday.|
|-|,|can't believe I succeed in completing my slides with this runny nose and teary eyes and bersin yg malu malu kucing nk kluar ugh|
|-|,|I need to get rid of this cold/flu whatever it is.. I'm tired of being sick|
|-|,|So I have this cough and today I told my mom I had a sore throat. She said okay then stop smoking. Can't tell if she meant cigars or weed ğŸ˜³ğŸ˜‚|
|-|,|Woke up with a sore throat ğŸ˜£ why?! ğŸ˜¢|
|-|,|Having sore throat sucks! ğŸ˜¡ğŸ˜­|
|-|,|Body aches, ear ache, and a sore throat â˜¹|
|-|,|@tyleroakley just what i needed lmao my runny nose is killing me|
|-|,|Sore throat|
|-|,|this sore throat makes me kinda wish I didn't have my tonsils|
|-|,|Q: What do you call a half-dozen Indians with Asian flu? A: Six sick Sikhs (sic).|
|-|,|Can we plz stop talking about this guy until he beats someone of some sort of stature?  https://t.co/e16Vgpk4Hd|
|-|,|Does Halls Soothers actually help a sore throat..?|
|-|,|lmao don't die tho ok!! I'm having lots of tea and already feel better so I'm coming back to life! https://t.co/44qAkMhlbN|
|-|,|Had to cough out R600 for a new scientific calculator cause I couldn't find my other one ğŸ˜­ğŸ˜­
I'm sick now|
|-|,|sore throat voices are hot I wish I talked like this all the time|
|-|,|Had Such a sore throat all day and now my voice is going fuck me ğŸ˜­|
|-|,|Hot honey and lemon is THE best for a sore throat. ğŸ‹ğŸ|
|-|,|@bryan_barberena if people are questioning your toughness, going on ad nauseam for 15 minutes about a sore throat isn't going to help|
|-|,|@AllyTaft oh damn! I have sore throat and a bit of a blocked nose! could be flu as well yes! but going to school tomorrow still.|
|-|,|My nose is runny but I'm scared that if I sniff one more time the lady next to me is going to knock me the fuck out.|
|-|,|This sore throat isn't workin for me|
|-|,|Drink hot water https://t.co/dFCgzpAYka|
|-|,|Tak kelakar la flu, sore throat and now im feeling nausea? I'll just quarantine myself then........|
|-|,|My nose just got really runny ğŸ˜’|
|+|,|props to my momma for taking care of me when I have the flu &amp; I'm vomiting out every last fluid in ma body|
|-|,|@AsimAlii fever
Eye infection nd sore throat|
|-|,|MY THROAT. IS. SO. SORE.|
|+|,|Being sick home with the flu for a long time is the worst thing. I'm getting slowly crazy.|
|+|,|Day 2 sick in bed with the flu. Missed work and classes. Fuck ğŸ˜”|
|-|,|Guys I feel really bad like I started becoming nauseous last night and my throat was sore yesterday and I'm super nauseous today|
|-|,|@Foreverrhizz I know, me too!! she's probably getting a cold cause this morning her nose was runny but idk just gotta wait and see|
|+|,|I'm sick with the flu!!!ğŸ˜« this sucks!!!|
|-|,|Woke with a sore throat. My way to remedy this so far has been laying in bed watching X-Files all day. I refuse to let it turn into a cold!|
|-|,|I swear I dont know how many times my baby is gonna get sick ğŸ˜ Woke up with a bad cough... At least she don't have a fever this time.|
|-|,|Hi everyone and I have a sore throat but I'll be fine|
|-|,|Throat so sore ğŸ˜©|
|-|,|I feel like shieeeeet.... my throat hurts, my nose is stuffed, and I'm aching ğŸ™„ğŸ™„ğŸ™„ğŸ™„ğŸ™„|
|-|,|Step 9 of How to Survive Being Sick: (let everyone know your sick) @tyleroakley I'm sick at home with the flu. ğŸ™ƒ|
|-|,|@PinkIsSoMe25 that awesome oh and I have a sore throat|
|-|,|I have the worst headache n sore throat ğŸ˜ªğŸ˜©|
|-|,|@tyleroakley I might be getting a sore throat tbh ugh|
|-|,|retweet if u called out of work just to play DE https://t.co/CHF9UQqoe5|
|-|,|Sore throat* https://t.co/SgVgw21LQl|
|-|,|Reyt sore throat atmğŸ˜·|
|-|,|"Sorry, I can't go out -cough cough- I'm sick." https://t.co/FPmvljknUj|
|-|,|ClÃ¡sico.  Muy bueno. Frecuente en #chile https://t.co/AfQxZSswYA|
|-|,|After seeing your video, there won't be flu capable of "killing" me. Oh, I love your beanie X https://t.co/NcT4ROgQ5N|
|+|,|Day frickin' seven of flu; I am so tired of being sick. This one snuck past both @melindacasino and I's flu shots.|
|-|,|Eating 3 or 4 Marshmallows helps get rid of a sore throat.|
|-|,|Stomach flu recovery = cabin fever|
|-|,|my throat is sore|
|-|,|Chloraseptic Sore Throat Relief FREE at Riqte Aide Starting 1/31 https://t.co/qTLaDu0BBd https://t.co/6E60dXcBM7|
|-|,|Lol anyway let me nurse my sore throat. I have a terrible fluğŸ˜¢ yazi I wore a jersey today in this heatğŸ’”|
|-|,|Just got over my cold and now I have a sore throat lmao great|
|-|,|ğŸ˜‚ğŸ˜‚ https://t.co/aFUj3g3jLZ|
|-|,|Got a cold :( I feel awful! I've got a bunged up nose and a sore throat.. :/|
|+|,|For the past week I've been down with the flu while taking care of a 3-year-old with a vomiting virus and watery diarrhea. #goodtimes|
|-|,|Kalau makan sebekas? ..... https://t.co/HOnTHv2vKu|
|-|,|nts: no matter how mad I want to sleep with the window open, dont.. now I have a sore throat.|
|-|,|Sore throat, shaky/can't focus cause of meds and being reminded by body I am not pregnant but today is gonna be good. I shall prevail!|
|-|,|I've just had a long day at work, have a sore throat, have two hours of Finnish class tonight, and seeing my PT in the morning. :/|
|+|,|I have a sore throat, a headache, and my nose is stuffed as fuck. I don't deserve any of this. https://t.co/Zio1GZTmP8|
|-|,|RT rizlauwais: RT UntoIdSecrets: Eating 3 or 4 Marshmallows helps get rid of a sore throat.|
|-|,|Gargling warm saline water with a pinch of turmeric powder cures sore throat. #healthyliving @NatGeo https://t.co/IKKTpn8kaB|
|-|,|How to get rid of a sore throat quickly?|
|-|,|https://t.co/i3roahAL8I @tyleroakley my mom makes the best honey tea for when i have a sore throat but we live in belgium so maybe come over|
|-|,|thank god! I'm a water hoe and sore throat
does not let me drink water in peace-  https://t.co/KQS5fbzxjc|
|+|,|Being ill sucks. I'm alone, coughing up my lungs, with fever too tired to do anything. I should write my memoirs just in case.|
|-|,|RT @UntoIdSecrets: Eating 3 or 4 Marshmallows helps get rid of a sore throat.|
|-|,|Wtf why did I wake up with a sore throat?!?!? This is not the time it is audition month ğŸ˜«|
|-|,|Get Flu vaccines for your family. Vaccines save lives. #flu #vaccineswork #vaccinessavelives https://t.co/ygTT3m0y2e|
|-|,|@Guebert26_InMi maybe it's like having a sore throat. It'll only get better as the day goes on?|
|-|,|Its sad but I feel the sore throat coming and if I try to treat it it'll get worse|
|-|,|Downloaded a video recorder for my chromebook expect a new cover after my sore throat heals or even with my sore throat c:|
|-|,|15th Hit Song: Bubble Butts, A Runny Nose, And You|
|-|,|Pretty much ğŸ˜‚ https://t.co/qg2I9pbph8|
|-|,|||19 years old and my mom gets me bomb pops for a sore throat.|
|-|,|Sore Throat. Sinus Infection. Hacking Cough. https://t.co/ZNbs5fSqz3 The Natural Cure that Kicks Them All. https://t.co/6MpHRKGiAj|
|-|,|@eefey69 shit you've got boomerang flu that's like having kids get rid of one the next day you get something else ğŸ˜‚ do you get sick pay ?|
|-|,|@shayfromonline did you try some prescription dick for the sore throat?|
|-|,|sore throat and blocked nose ğŸ‘ƒ. ğŸ˜’ğŸ˜|
|-|,|I told my mom that I had a sore throat and she said, "it's because you're always in that room of yours"|
|-|,|Actually I'm not as sick as a dog anymore but my head does ache so much. Idk if its because of the flu or medicine.|
|-|,|sore throat :(|
|-|,|Woke up with a sore throat and not my nose is runny ğŸ˜•ğŸ˜­ I really don't wanna leave the house today and freeze|
|-|,|What's good to drink with a sore throat?|
||,|everyone of kaleis mornings tweets r headache, sore throat, or im tired|
||,|@SophiaHelwani @Benaskren @TonyFergusonXT @dc_mma That was a vonflue/arm triangle, Barberenas shoulder was in his throat. Sore throat or not|
||,|Oh if I'm in Backbooth I'll throw a fit, this sore throat isn't a joke|
||,|We are in college. If you have a runny nose, blow it. Do not sniff it back it, it's highly unsanitary and annoying.
|-|,|everyone of kaleis mornings tweets r headache, sore throat, or im tired|
|-|,|@SophiaHelwani @Benaskren @TonyFergusonXT @dc_mma That was a vonflue/arm triangle, Barberenas shoulder was in his throat. Sore throat or not|
|-|,|Oh if I'm in Backbooth I'll throw a fit, this sore throat isn't a joke|
|-|,|We are in college. If you have a runny nose, blow it. Do not sniff it back it, it's highly unsanitary and annoying.

Thank you,
Rachel|
||,|.... and I covered my mouth.... I'm not bout getting anyone sick... I didn't cough ON the milk, nowhere near it actually.... k? k.|
|-|,|Dear runny nose and sore throat,

Fuck you. ğŸ˜·|
|-|,|what can I take for a sore throat? ğŸ¤•|
|-|,|Have a lil fever agin omg when will it stop ğŸ˜´--- felling tired  #help #sick|
|-|,|RT https://t.co/OCaTalsWyE Gargling warm saline water with a pinch of turmeric powder cures sore throat. #healthyâ€¦ https://t.co/tkJZa8hoxE|
|-|,|Started cough laughing at this after watching on a loop 8 times. https://t.co/AZRZnuAzCh|
|-|,|@Greengrumbler sorry that should have been 16 years (i have a very sore throat:()|
|-|,|me!!!! https://t.co/W3ywlzhIr7|
|-|,|@SophiaHelwani @Benaskren @TonyFergusonXT @dc_mma Strep throat and sore throat are two different things.|
|-|,|@radichowell the chase mentioned the medical name for sore throat. youd know that ay|
|-|,|My new sounds: Sore Throat and a Winter 'Cut https://t.co/0a3NcK6Kj8 on #SoundCloud|
|+|,|Thankful for this pounding headache, runny nose, and sore throat that I just woke up with ğŸ™ğŸ»|
|-|,|Damn.. I woke up feeling so shitty.. Stuffy nose sore throat ğŸ˜©ğŸ˜©ğŸ˜©ğŸ˜© ugh|
|-|,|This sore throat is never gonna go away ğŸ˜|
|-|,|Throat So Sore ğŸ˜©ğŸ˜©|
|-|,|When ya nose is stuffed up, but running still &lt;&lt;|
|-|,|Everyone's ill ğŸ˜·ğŸ˜° anybody any suggestions, I'm ill too ğŸ˜‘ https://t.co/f2Eqkx19U5|
|-|,|I had a runny nose yesterday.|
|-|,|U eat pus... Yo bro ur allawa cm ? https://t.co/VBS8fKUCi3|
|-|,|Namibian Hospitals:

â€¢ Headache?
â€¢ Heart Palpitations?
â€¢ Sore throat?
â€¢ Intestines coming out of ear?
â€¢ Flail chest?
â€¢ Dying?

Take a Panado|
|-|,|Haaaaaaaaaaaaaaaaaate having a sore throat ğŸ˜“ğŸ˜“ğŸ˜“ğŸ˜“|
|-|,|I'm so sick forgot what it's like 2not have a cough attack every 7 seconds|
|-|,|Worst headache and sore throat of my life I'm dying|
|-|,|i hAVE A RUNNY NOSE AND IT SUCKS|
|-|,|@ashftcliffxrd_x still a little sick and a sore throat but better than yesterday, thank youğŸ’—|
|+|,|Having the flu in first month of new job is so unacceptable when you haven't got sick time banked yet ğŸ¤’|
|-|,|I hate having a sore throat ğŸ˜Ÿ|
|-|,|Repetitively clearing my throat because it felt like something was stuck in it has led to a sore throat and the loss of my voice. Fuck you.|
|-|,|Warm tea and honey  https://t.co/hp0V5xM6N1|
|+|,|The new steroid is helping. Headache is lessening. Unsure about the fever.|
|-|,|15 Minutes in My Journey: Sore Throat and a Winter 'Cut - https://t.co/WbLy2rWDaI #amthoughts|
|-|,|runny nose kahit wlang nose haha|
|+|,|Been down with flu and fever all day. Anyone know what to do about these smurfs coming out of the walls, please chime in.|
|-|,|Sore Throat, headache, allergies.. ğŸ˜·
Why me?|
|-|,|Hope this sore throat doesn't get worse. This is not a good week to get ill.|
|-|,|You know you're Mexican asf' when you take a shot of tequila when you're sick *cough cough* Azu ğŸ™„ğŸ˜‚ğŸ’€ @Susylove__|
|-|,|@Lin_Manuel I have a sore throat so I can't sing to the Hamilton soundtrack like I normally do. How's your day going?|
|-|,|@charl93p oh stop really!! Didn't even know! I've been dyingğŸ˜· still got a sore throat now but suppose I'll liveğŸ™ˆ|
|-|,|My nose is so runny|
|-|,|Woke up with a sore throatğŸ˜© Who have this to me!!!ğŸ¤’|
|-|,|time to get ready for work, and yours truly feels like her nose is going to fall off. Sore throat still too. :-) Thank GOODNESS for hot tea!|
|+|,|dealing with a terrible fever and a nasty cough, and i got a 12 hour day to look forward to ğŸ˜Š|
|+|,|Woke up with the flu and I feel terrible. I hate being sick. Lord get me out of this quick! Amen!|
|-|,|Weather's been in the 50s
so having a runny/stuffed
nose right now makes no
sense to me.... Richie don't
don't get sickğŸ˜’|
|-|,|I'm really about to try this  https://t.co/i4C6VGbrox|
|-|,|Someone haaaalp I gots a runny nose|
|-|,|@tyleroakley look what u did  https://t.co/CZMozkLZg1|
|-|,|Stop the Flu in Its Tracks with a Solid Mobility Strategy: Sick employees hurt the company bottom ... https://t.co/9Phbq3upw5 #xendesktop|
|-|,|Fever, Chills, Headache, Muscle Aches, And A Dry Cough Are Some Symptoms Of This Disease In Human https://t.co/qC14AAAZwr|
|-|,|Fever, Chills, Headache, Muscle Aches, And A Dry Cough Are Some Symptoms Of This Disease In https://t.co/UU9uZNsU3t https://t.co/LfM4BVfvfM|
|-|,|Fever, Chills, Headache, Muscle Aches, And A Dry Cough Are Some Symptoms Of This Disease In https://t.co/s2Dj28IvsO https://t.co/DaAkvYn3fc|
|-|,|Fever, Chills, Headache, Muscle Aches, And A Dry Cough Are Some Symptoms Of This Disease In https://t.co/qC14AAAZwr https://t.co/X2JJ9iFJKW|
|-|,|Fever, Chills, Headache, Muscle Aches, And A Dry Cough Are Some Symptoms Of This Disease In https://t.co/UU9uZNsU3t https://t.co/GBL0brSTpT|
|-|,|@notBrittfar @OutlawPope @lionstwitsp my gf had strep and then I had a sore throat for like 2 days, it's not that bad if you're a tough guy|
|-|,|Damn. Now it went to a sore throat w. A cough &amp; runny nose|
|-|,|Were in this together . I have a sore throat too https://t.co/UkFlUkEcms|
|+|,|Reporting the flu and runny nose is gone but i have fever now and my butt still hurts but im kind of alive ???|
|-|,|woke up with a sore throat ğŸ˜‘ğŸ™ƒ|
|+|,|@oluransis gah thank you so much i appreciate this so much and it made me smile despite my fever and headache!!! i love you!!!!|
|-|,|Go Watch History Music Video by One Direction :) x https://t.co/phgSfq7igr https://t.co/mnzruMJN1l|
|+|,|@___lorna I meant my cold! I've got the worst sore throat, cough and had a temp!|
|-|,|I'm that guy that always get a runny nose when I walk into the library, annoying the hell out of everybody with my sniffles.|
|-|,|God, please heal this little one; give the doctors wisdom. In Jesus' name. Amen. https://t.co/MEjQptWnPe|
|+|,|In bed sick with flu. Some whiny teenage girl is having a loud &amp; annoying argument with her mother (I think) right outside. #BadNeighbours|
|-|,|LIVE on #Periscope: stomach flu and sick kids #momlife  https://t.co/pT5OuNaoe0|
|-|,|Im so sick.. But every time I cough I'm like.. https://t.co/OLrM47st2m|
|-|,|Woke up with a sore throat ğŸ˜·ğŸ˜«|
|-|,|Thank you nurse lady for jabbing me in my already sore throat. I appreciate it so much.|
|-|,|Fun game: do as much cocaine as possible in the school libray with no one noticing, or just making them think you have a runny nose|
|-|,|Same ğŸ˜ https://t.co/vlDHMJamAZ|
|-|,|@LoneWolf01299 i went yesterday. The cough and runny nose came over night|
|-|,|There is a sick man child in my bed and I still didn't get my flu shot lol #ImGonnaDieAgain|
|-|,|sick air jordan 12 "flu game"|
|-|,|Had a sore throat for about 2 weeks now ğŸ˜’|
|-|,|@aimeexchandler no I genuinely do just have a sore throatğŸ˜‚|
|-|,|I hate that I get sick easy, one hoe ass cough my way and I'm done ğŸ˜ğŸ˜‘|
|-|,|@tyleroakley I'm honestly so sick and this video made me laugh so hard ğŸ˜‚...and maybe cough myself to death a little|
|-|,|Sore throat, heavy eyes, headache = Hard work or starting with a cold ????|
|-|,|Never knew a sore throat could hurt this bad|
|-|,|I used to walk around AHS with tissue stuffed in my nose every spring semester. No shame.|
|-|,|@sierra_furtado OMG i feel so bad for you. I hate sore throat|
|+|,|@smokeeeTLONG ğŸ˜‚ğŸ˜‚ on everything I really been sick man got the damn flu from one of them airport peoples|
|-|,|@theeintrovert goggle some salt water and drink some sore throat medicine.|
|-|,|Got fever?
#TherafluThemoscanner creates flu-detecting billboards https://t.co/kgx3Wis297 #healthcare #advertising|
|-|,|Wake up back and got a sore throat ...lmfao...fuck you winter|
|-|,|Stuffy nose, a sore throat, and a couple coughs here and there.. This isn't good|
|-|,|My nose is so runny uggggghhhh|
|-|,|ADVICE: drink a glass of lemon juice with one and a half tablespoons of honey, you can also heat it a bit ğŸ’•ğŸ’• https://t.co/c4hWfobW76|
|-|,|This à¤¨à¥‚à¤¨ à¤—à¤°à¤—à¤° ain't alleviating my sore throat. :-/|
|-|,|Is your #child too sick to send to school? From pink #eye to a #sore throat, find out how to decide https://t.co/omdoasZYz2 via @TODAYshow.|
|-|,|@SheIsTheWeather nah, it seems to be taking a completely different course, what with the cough and sore throat. So.|
|-|,|@BeckyT320 crap. This makes me wanna go get checked. I've had a sore throat for 4 days.|
|-|,|-knocks on wood-  I might of kicked the sore throat and headache before it got bad.|
|-|,|My throat is killing me ğŸ˜‘ it hurts!!! I hate sore throats ğŸ˜­ğŸ˜­ğŸ˜­ ughhhh|
|-|,|Gurl I feel ur pain https://t.co/KXQmFJwMsp|
|-|,|i never dont have a runny/blocked nose|
|-|,|Sore throat ğŸ˜ğŸ˜·!!|
|-|,|Biggest lie of life ..à¤¨à¥‚à¤¨ à¤—à¤°à¤—à¤° treats sore throat  https://t.co/CNSsAvWBSC|
|+|,|idk what's wrong w me but I feel so sick. y body aches so bad like is.it b possible to get the flu or St for no reason|
|-|,|Home today because sore throat.  Ear ache and generally feeling lousy if anyone wants to know.|
|-|,|My nose is constantly runny. It's official I'm allergic to air|
|-|,|@CaitlynlovesLou  https://t.co/WlOAqrS1lB|
|-|,|Such a sore throat ğŸ˜¥ğŸ˜|
|-|,|If my nose doesn't get runny while I'm eating pozole it isn't good|
|-|,|I'm dying of a sore throat...some one help meğŸ˜©ğŸ˜©ğŸ˜©|
|-|,|Sore throat ğŸ–•ğŸ»ğŸ˜­|
|-|,|Bullshit https://t.co/F10jVyIM1n|
|+|,|Ugh.. Colds, cough,  and fever. What more can I for ğŸ˜©ğŸ˜©|
|+|,|Down with fever and sore throat ğŸ˜°|
|-|,|!!!!!!!!!!!!!!!!!! https://t.co/E5C6bU1Lib|
|-|,|Influenza has arrived to Gem County. Please get your flu shots if U have not already. Additional, don't go 2 work/school if you have a fever|
|-|,|@OhSoJosie Lmaoooooo this was me when I had the sore throat. Couldn't talk or swallow but sure could eat.|
|-|,|I will try itğŸ˜–ğŸ‘ğŸ» https://t.co/UHBSEtpN2k|
|-|,|Sore throat and sniffles have come on as the day has passed! Gonna have to miss swimming again!! ğŸ˜© grrr!!|
|-|,|I think I'm catching seasonal flu ğŸ˜·ğŸ˜­ğŸ˜” my throat is sore .|
|-|,|nose ğŸ‘ŒğŸ¼ is ğŸ‘ŒğŸ¼ so ğŸ‘ŒğŸ¼ runny ğŸ‘ŒğŸ¼|
|+|,|Sick again. anyone else finishing up #thyroidcancer treatment and noticing an increase in flu occurance? @ThyroidCancer4 @ThyroidCancerCa|
|-|,|Hello from my shiny forehead, red face, runny nose, blonde eyelashes and brows, lions mane, and sweats kind of day|
|+|,|I woke up, broke a fever, almost fainted and came to the conclusion that I probably have the flu. I'm scared to call into work|
|-|,|âœ” https://t.co/2TK7urN9Dz|
|-|,|Honestly could cry with how sore my head is and how sore my throat is. And how sore my life is ğŸ˜¢ğŸ˜¢ğŸ˜¢ğŸ˜¢|
|-|,|my fingers smell like cherry cough syrup , its making me sick|
|-|,|My nose is stuffed and my voice sounds horrible|
|-|,|@lexgronss well shit I need my fellow doctors to help me out with this case of sore throat|
|-|,|Stuffed nose and can't stop sneezing? Find out if your sick enough to call in sick. https://t.co/QEpCur00G4 https://t.co/o9gFA6XKOJ|
|-|,|Stuffed nose and can't stop sneezing? Find out if your sick enough to call in sick. https://t.co/O7xFHvt0hd https://t.co/OIj4W0vXMM|
|-|,|@kuntstiin it depends on what you got. if you have fever and there's a flu epidemic in your city it might be bacterial then you'll need|
|-|,|i'm very very very tired. i now have a tickly cough. and my eyes are ridiculously itchy. it's a bit fucking early for hay fever symptoms eh.|
|-|,|Every Kashmiri mother insists on à¤¨à¥‚à¤¨ à¤—à¤°à¤—à¤° for sore throat. :D "@koshurkot: My mother has been fooling me since childhood on this"|
|+|,|@aliaalicious Cold and Cough and a bit of fever thereafter Cuz of former's Influence. :/|
|-|,|tyler: sending dms all day!!
tyler: *sends 2*
tyler: CANT YOU SEE IM TIRED SICK AND MISERABLE? YOU GUYS EXPECT SO MUCH IMD SICK COUGH BYE|
|-|,|Sore throat|
|-|,|@MatthewHamer and I can't because I have a sore throat.. So, tonight we can be civil and watch it together|
|-|,|The worst feeling ever ğŸ˜· https://t.co/a13JnYnJIb|
|-|,|@TheKubliest I'm also sick of always feeling fatigued. Having better nutrition helps.|
|-|,|@ChelsLynne17 exactly. Itchy throat, itchy runny nose, burning eyes. I just lay down with the AC and cold wash clothes over my eyes. No bye|
|-|,|Not much just a fever and a sore throat, thanks ğŸ˜Š https://t.co/dxvyY33hjb|
|-|,|Oh your throat is sore? We'll give you an antibiotic for strep but not test you for it.|
|-|,|@kuntstiin antibiotics. but if it's just stuffed noze and a sore throat then yeah, alleviate the symptoms and wish for the best|
|-|,|serious question: if you have a sore throat do you drink apple juice or orange juice?|
|-|,|I got fever and i'm tired rip hahaha ;-;|
|+|,|headache fever weight loss :(.|
|-|,|Omg there's two kids in this doctors office that's sick and when they cough they cough on people wtf|
|-|,|Eyes are usually golden but... I'm... *cough* ... sick|
|-|,|Twitter is turning me to a naughty person. Anyway o fole akere https://t.co/sm7tylGiH2|
|-|,|Wish my nose wasn't so runny right now|
|-|,|I had to go to work and I suffered whole day with the flu and had a fever ğŸ‘ğŸ½ fuck it I'm dying|
|-|,|@tcoley1 @CAT1PRO He said he was sick w a runny nose!.. lol..|
|-|,|Ebola virus disease. I'll be surprised if any of the symptoms of Ebola, and here they are in full: Fever Headache https://t.co/eGRtcmIH9p|
|-|,|@beth_atkinson although, you know what would help your sore throat ... Ice cream ğŸ˜ğŸ˜|
|-|,|Take rest dear https://t.co/QhEO5miyK4|
|-|,|i have the worst sore throat thIS isnt good|
|-|,|Not much just a fever and a sore throat, thanks ğŸ˜Š https://t.co/kB3MtncXJW|
|-|,|Why is my throat so sore ğŸ˜­ğŸ˜­ğŸ˜­|
|-|,|headache... throat sore... stomach hurt ğŸ˜¤ğŸ˜·

this shit is ğŸ™„ğŸ˜’|
|+|,|I still have a fever &amp; sore throat ğŸ˜·ğŸ˜¤|
|-|,|Sore throat and can't take anything ğŸ˜«|
|-|,|what makes a sore throat better? WHY THE F*** am I ill again ğŸ’”ğŸ’”ğŸ’”|
|-|,|I need something hot for my sore throat, instead of tea I'm drinking mad coffee lol let's see how this turns out|
|+|,|Was awesome playing the Human Rights show last night... I couldn't do any singing, I'm sick with the flu.. And... https://t.co/5FEX2D5j9y|
|-|,|@Mojiakamo @IsThatMichellee ğŸ˜‚ğŸ˜‚ğŸ˜‚ğŸ˜‚ğŸ˜‚ https://t.co/mayImkVDpW|
|-|,|I can feel a sore throat coming on â˜¹ï¸|
|-|,|Chestal Cold &amp; Cough temp relieves #cold symptoms: #congestion, fitful #cough, minor sore throat, runny/stuffy nose. https://t.co/wj3dO8vjGv|
|-|,|Are you sick from the dick? Or was it the flu?|
|-|,|Hate when I fall asleep with out a shirt I wake up with a runny nose|
|-|,|Sore throat|
|-|,|i dont have a thermometer but im pretty sure i have a fever this might be stomach flu :^)|
|+|,|Being sick is the worst! Stupid flu|
|-|,|FIFA 16!! The Ultimate Team Grind!!! (sore throat = no facecam and mic): https://t.co/BQ2th3SvO1|
|-|,|I have a sore throat... Fuck ;-;|
|-|,|@hayleyblenkiron it doesn't seem like two mins since you were starting ğŸ™ƒ omg my throat is so so sore plz come attend to me nurse Hayley ğŸ˜­|
|-|,|Everyone in the office is sniffling, coughing, sneezing- I feel like a hypochondriac but i think I have a fever and my throat is sore HELP.|
|-|,|Pretty sick today, but Im not going to let it get me down! Iron pills, Check! Cold/flu meds, Check! Vitamins, Check! Protein shake, Check!|
|-|,|sore throat ğŸ˜­|
|-|,|it's ain't bout you or your bitch ass crew  https://t.co/JYb0DxegPm|
|-|,|everyone is so sick with the flu :(|
|-|,|everyone at my house is so sick with the flu....im terrified to enter my house|
|-|,|@TheVampsband #ImGoingTheVampsLIVERPOOL
When I had a sore throat the day after because I screamed the whole time ğŸ˜‚ğŸ˜‚ğŸ™ˆ|
|+|,|I have been out sick with flu/cold since Thursday. Any1know what's going on in Remnants 1180 class tomorrow? #hcmusic|
|+|,|When you've been coughing, sneezing, runny nose and mucus in your throat. It's been like this for 3 weeks.|
|-|,|Hoping this sore throat goes by tomorrow morning|
|-|,|@abbiebowlzer I need some so bad my throat is v sore|
|-|,|I've got the worst sore throat and i can't stop sneezing, I've just slept the whole afternoon|
|-|,|@outroluvinskool noo imvery sick like its the flu x200 plus my eyes is getting really red and icant open it|
|+|,|Coughing, sneezing, runny nose and mucus in your chest. Been like this for 3 weeks, but I don't feel sick|
|+|,|@maddspoulter I have the flu ğŸ˜ª I take medicine and it makes me so tired &amp; I have to be fever free to come ğŸ˜¢|
|-|,|Chesty cough &amp; sore throat.. ğŸ¤’ hot bath &amp; bed ó¾°´

Oh &amp; food... can't EVER forget FOOD â˜ºï¸ â€” feeling blah|
|-|,|this runny nose is KILLING me|
|-|,|I feel a sore throat coming alongğŸ˜|
|-|,|I genuinely don't know why I have a sore throat and I'd appreciate it if my family didn't jump to conclusions I've been having oral sexğŸ˜‚|
|-|,|I now sound like a man. Throat had been sore for three days|
|-|,|Sore throat again! Feel like I'm forever poorly ğŸ˜£ğŸ˜­ğŸ˜£ğŸ˜­ğŸ˜·ğŸ˜·|
|-|,|Everyone in my religion class is sick all you hear is cough cough sniff sniff sneeze sneeze|
|-|,|Waking up with a sore throat ğŸ˜«ğŸ˜·|
|-|,|Baby Nasal Aspirator Mucus Suction Runny Nose Cleaner Hospital Grade Snotsucker https://t.co/Mk0m512EMd|
|-|,|Runny nose , sore throat &amp; a stomachache ğŸ¤’|
|+|,|@ImAlexHoltti I am sick, I have flu.ğŸ˜·ğŸ˜³|
|-|,|My throat so sore ğŸ˜¢|
|-|,|No I haven't been participating in oral sex mom, I just have a sore throat due to my cold thank U ğŸ˜‚ğŸ˜‚ğŸ˜‚ Dno what's going on with her|
|+|,|no sleep no food  . yes migrain yes flu yes fever yes assignment yg belambak . yes everything . im tired af|
|-|,|The worst part about having a sore throat is being unable to belt this out in the car. https://t.co/VGbHdYHJmD|
|-|,|Tokyo Mike: Deceased.
Cause of death: suffocation from stuffed nose.
Please don't keep him in your prayers &amp; move on with life.|
|-|,|Sore throat? #PROPOLIS and @beekeepers_nat to the rescue!  https://t.co/bVwRabwG7I https://t.co/J4fnltGFxN|
|-|,|@owllexx1 they probably had a sore throat|
|-|,|Is my throat just sore or is it the Sahara?ğŸ«|
|-|,|When you've got to go to class but the only thing that helps your sore throat is wine https://t.co/2lENUOT537|
|-|,|@fredbloggs1982 poor you ğŸ˜‚ I'll be back on cam tomorrow .. Got a little bit of a sore throat &amp; cough so resting my voice|
|-|,|This sore throat can suck it's mum...|
|-|,|Sore throat pula pepagi gini|
|-|,|Ah no. :(.  Flu?  https://t.co/gGDyIm3nsx|
|-|,|I want to go out and play again today, but I've got a horrible sore throat and I don't want to make whatever I've got even worse.  :(|
|-|,|my throat is sore I hope I die soon this is the worst|
|-|,|I woke up congested and with a sore throat cool ğŸ‘ğŸ¼|
|-|,|Sore throat ğŸ˜“|
|-|,|Does smoking worsen a sore throat? Not that I want to. I'm just asking|
|-|,|@velocast @roadcc the maradonna connection is giving me a runny nose|
|-|,|Such a sore throat|
|-|,|Wondering if this sore throat came from that rototiller virus, or if its just sinus nonsense.|
|-|,|It's great being sick around 3-5 year olds. For one thing,  you feel way less self-conscious about your runny nose #Plague2016|
|-|,|This runny nose is so annoying. Mocos everywhereğŸ˜Ÿ|
|-|,|I gave my bag of cough drops to this guy I like bc he's getting sick and I literally never use them &amp; i, ofc, woke up with a sore throat|
|-|,|Why do I get a sore throat now... why?|
|-|,|@meeelx0_ don't want you having a sore throat|
|-|,|@McAfeePT I recently saw this fun powtunes re Hlth Ins. Love the guy w/ runny nose. https://t.co/jdfzrqlINB|
|-|,|haven't been able to nap since my sore throat won't let me|
|-|,|When u have a sinus infection, a cough, a light fever, and sore throat but you still come to school ğŸ˜ğŸ’¯ğŸ˜©ğŸ‘Œ hell yeah!|
|-|,|@Carnivac Unless you have teeth/gum or sore throat then no, it's not really that good buddy. Go get checked out and take care of yourself|
|+|,|Why the fuck I put the flu shot?? and in that same week got sick #bodypain #sorethroat #mucusallaround #feelingblah|
|-|,|haven't been able to nap bc my sore throat won't let meğŸ˜¡|
|-|,|My nose is runny/stuffy and it's so annoying :((|
|-|,|@mayadancelover it's perfect because you're always sick  https://t.co/SJRyVQsvPv|
|-|,|cse i keep sneezing, sore throat ah|
|-|,|If your friend is sick always ask them if theyre okay or not even if its just a flu. I live by this rule.|
|-|,|PaleoFoundation : Sore throat? #PROPOLIS and beekeepers_nat to the rescue!  â€¦ https://t.co/3aoSiXkCxi https://t.co/maV1VSezUb|
|-|,|How is it, that I got my tonsils removed but yet I'm sitting here with a sore throat....ğŸ˜‘|
|-|,|Article: 21 Home Remedies For Sore Throat That Will Actually Provide Instant Relief - #natural https://t.co/TGSsJVpUvR|
|-|,|waking up w/ a sore throat is shitty af|
|+|,|Only good thing about being at home sick with the flu is that I get to catch up on Vanderpump!!|
|-|,|Sore throat bothering you? Try our new Honees! They are great for relieving that dreaded cough. Try Original... https://t.co/29Ij2ctSFc|
|-|,|I think I'm sick... [cough cough] &lt;--- SEE! :-(|
|-|,|Throat hurts, head hurts, can't stop sneezing and nose is runny. All started happening like 1.5 hours ago. WHAT.THE.SHIT.|
|-|,|Sore throat. Noooooooo|
|-|,|@CBeebiesHQ no but I get sore throat from doing stupid voices!|
|-|,|Avoiding the flu involves more than just avoiding people who are sick [How to Avoid the Flu] https://t.co/Zz0ISgZRg3 https://t.co/lC2PTROqr7|
|-|,|Home remedies for common ailments 1 - ... - #workout #fatloss #diet #fitness #weightloss https://t.co/idZLiQa4Yc https://t.co/4viB7sb2Ce|
|-|,|Got a ridiculously sore throat but it's nothing that vodka won't sort out...|
|+|,|I have a fever and chills and just generally feel mildly ill and very tired.|
|+|,|Sore throat, headache, achy. Hello flu :(|
|-|,|Got a bit of a sore throat but seriously considering having a granadilla ice popsicle ğŸ˜¢|
|-|,|Fuck a runny nose|
|-|,|My nose is so runny I hate sniffling all period long ğŸ¤’|
|-|,|Niggas chasing bitchs ? Man I had then since a runny nose ğŸ’¯ğŸ˜‚ğŸ˜ª|
|-|,|Being sick: I hate cough drops and soup nowğŸ˜‘|
|-|,|Nose Candy Rain like Soul 4 Real, my baby need some Enfamil, so bags get stuffed like Oprah grill|
|-|,|Fuck school, fuck snow, and fuck this runny nose #doneeeeee|
|-|,|I hate when someone has a runny nose.....I don't like that shit. We can't shake hands, dab, wave or nothin.... https://t.co/MAuapy8R6a|
|-|,|Someone tell me a medicine to take for your sore throat|
|-|,|@claudia_treto Need. To. Go. Home.  https://t.co/TBtGKUZSsU|
|-|,|I hate spicy food with passion like seriously you meant to taste the food and enjoy it not bloody burn your throat and give you a runny nose|
|-|,|I have a sore throat.  https://t.co/0ZkTOjpp1h|
|-|,|Have a sore throat and craving some Sriracha Black Bean Soup @CornerBakery ! Wish y'all delivered! &lt;3|
|-|,|Stayed Home , Watched #DAYS &amp; I Think Imma Be Sick (Wait I Am I Have Intestinal Flu.) Ugh I Miss The 1986 Steve Earl JohnsonğŸ˜”|
|-|,|Waking up with a sore throat ğŸ˜©ğŸ˜· #help|
|-|,|I've been told I have a sexy voice three times today... No.. Sorry y'all It's my sore throat, this isn't my voice. ğŸ˜…|
|-|,|@suburbanskumfuk maybe.. But I have a cough now.. And a sore throat. Which is great ğŸ˜ŠğŸ˜ŠğŸ˜ŠğŸ˜ŠğŸ˜Š|
|-|,|Thank god I'm not sick anymore just a cough and stuffy nose ğŸ˜Œ|
|+|,|@_katelyn98 I'm so sorry we are sick! We had planned to be with you at the hospital. Flu sucks!|
|-|,|So sick of having this cough|
|-|,|I have a really bad cold and sore throat I sound awful no one talk to me save ursellf|
|-|,|I want to be able to achieve EVERY single dream I ever had, be SOMETHING ,&amp;amp; do SOM  https://t.co/BzOvLuIP67|
|-|,|I have a terrible headache and a sore throatğŸ˜“|
|-|,|. @lordgrayden, you may think it's funny when your nose is runny, but it's snot https://t.co/FQlQzSuJDG https://t.co/C0HW0DWV6M|
|-|,|I don't understand why my nose is so runny today|
|-|,|When you got a runny nose so you can't take notes.. Fml|
|-|,|Sore throat|
|-|,|Head cold, congestion, sore throat...all of which increases my depression. Any tips/encouragement/compliments will be gladly accepted. :(|
|-|,|Sore throat ğŸ˜ª I don't feel like being sick|
|-|,|@EoinTHFC @bryan_barberena complaining about a sore throat like??|
|-|,|Runny nose ğŸ™„ great|
|-|,|Other reindeer names: Runny, Dingle, Chopper, Fumble, Samantha,aConrad, Private Dancer, Freak Nose, Cancer,.and Mandy.|
|-|,|MEGA UBER SUPER DUPER SORE THROAT ğŸ˜­ğŸ˜­ğŸ˜­ğŸ˜­ğŸ˜­ğŸ˜­ğŸ˜­ğŸ˜­|
|-|,|If this is the case, I am oh so sick *cough cough sneeze* https://t.co/d788ts62Il|
|-|,|This is what is REALLY happening when we get #sick and how to cope when it's so inconvenient https://t.co/Sxl5M3z0eX #illness #healing #flu|
|-|,|@NiallOfficial I know the feeling that's what I have been doing the past couple of days &amp; now I am stuck with a sore throat ğŸ˜©|
|+|,|I'm actually sick as a dog and now I'm at home ğŸ¤’ğŸ¤’ğŸ™ BTW I have the flu|
|-|,|Shoulders, ears, throat sore ğŸ˜§ğŸ˜£|
|-|,|Throat is soso super sore :((|
|+|,|I woke up this morning with a runny nose, cough, headache &amp; my throat hurts.. I can't be getting sick againâ˜¹ï¸ğŸ¤’|
|-|,|14 hours of sleep, stuff nose, sore throat, gonna take some DayQuil and barrel through the rest of the day. #IHateBeingSick ğŸ¤’|
|-|,|I still have a sore throat https://t.co/Xh8m8r9P3M|
|-|,|want to eat some dinner but eating with this sore throat is like this https://t.co/TDWMMHUidZ|
|-|,|@SecretBeck Yes, I will just blame my hoarseness on a sore throat and not on that bit about Harry's mother dying to save him.|
|-|,|For some reason i thought it was Wednesday...upss! I missed morning school and work today ..lol My sore throat is making me delirious #great|
|-|,|The last thing I want is to be sick with the flum especially a stomach flu. I tried to tough it out but gave up and went to the nurse ğŸ˜£ğŸ˜·ğŸ˜ğŸ˜­ğŸ™…|
|-|,|@srwiggins and me still with sore throat|
|-|,|this place is full of sick ass people like cmon I'm just trying to get my physical not the flu|
|-|,|god my nose is so tingly and my throat is still sore
i dont even have any tissues help me|
|-|,|Making plans to go Haagen Dasz next week like I don't have a sore throat?? â˜º|
|-|,|58. The initial symptoms of the disease are fever and a sore throat.|
|-|,|#Fix a #sore #throat, within 2 minutes, using #Acupressure!

https://t.co/HHS2hROrUc|
|-|,|Ebay Snipe RTâ†º https://t.co/PzQCQIZboo 20 Teabags Herbal Safflower For High Cholesterol/ Fever, Flu â†ºPlease Favorite &amp; Share|
|+|,|One nice bonus for being home sick w the flu. #LCFC are playing. Hope I stay awake for it. Otherwise dvr will catch it. ğŸ˜·ğŸ¤’ğŸ‘|
|-|,|So according to the nhs website I have either epiglottis which is a medical emergency, or just a bad sore throat requiring paracetamol ğŸ¤”|
|-|,|Fuck offğŸ˜‚ğŸ˜‚ğŸ˜­ğŸ˜­ğŸ˜­ğŸ˜­ğŸ˜­ Michelle makes me cry https://t.co/LChd8joSwG|
|-|,|I am "awake" but there's this numbing pounding in my head, my throat is sore and my nose is stuffed up. Uh-oh|
|+|,|Hmmm. Sore throat. Cold. AND ear infection. Very interesting.|
|-|,|Sore throat, Sinat, toothache at headache ğŸ˜­ Ano pa?|
|-|,|Why is a bottle of cough syrup $12.99?! I'd rather just stay sick.|
|-|,|There I was BRAGGING about how I escaped The Sick all winter. Fate was tempted. What is this dose? Not a cold or flu - Dreaded Lurgi? #Goon|
|+|,|@WinterLightHome  This is new. Sore throat, fever, wet cough. I might be being overly cautious, but we DO have pertussis in the area.|
|-|,|@PhallofPhariss @thepaxpox I think I'm fighting it off right now, hopefully it doesn't get any worse than this sore throat ğŸ˜·|
|-|,|I hope my manager gets sick when I cough all over him for telling me I couldn't call in sick.|
|-|,|Fuck a baby fever it's baby flu shit everyone pregnant|
|-|,|@buttonnandbows Am good thanks. Just a sore throat.|
|-|,|My throat is so sore, my tonsils literally have green on them|
|-|,|Runny nose, headache, and I just feel lien poop ğŸ˜¢|
|+|,|I only have a fever &amp; a sore throat &amp; I'm in bed weak &amp; sore. We take our health for granted. Imagine what ppl w/ illnesses go through|
|-|,|My lil work boo has been leaving me presents on my desk since I've been sick. Hot tea, cough drops|
|-|,|Standing in this pissy corner with a runny nose waiting on this dumb ass bus and my feet hurt so bad.

Annoyed.|
|-|,|All of you must be quarantined at once! ğŸ˜· https://t.co/k9umkckr5p|
|-|,|I have a headache and I'm pretty sure I have a fever|
|-|,|@MetalBreakfast you too though not the sore throat|
|-|,|xxx Just for once, me last year in London. Buying some reprints of minor threat, fugazi, sore throat.... #minorthreâ€¦ https://t.co/X3qsBc4MyW|
|-|,|mit halsweh bei karaoke im 23., fragt wer meine friends "hey why isn't your bro performing?" und sie so, Hietzing but his throat is too sore|
|-|,|this sore throat is killing meeeee|
|-|,|@SarahGPerry but it can buy you a happy throat. Which is sort of the same thing. Sore throats are MISERABLE. SO glad you're on the mend. x|
|-|,|#NatraBio Chest Cold, 1 Ounce for Relief of Cough, Hoarseness, Fever, Sore Throat, Bronchitis, and Congestion https://t.co/EDHrkYSGU9|
|-|,|And unlike pewdiepie no video today. My throat is feeling weird. I can talk fine but its sore|
|-|,|I suppose it beats being sick at home @brianmoran at least we can order room service ğŸ˜˜ feel better!!!  https://t.co/cjc9wExjNy|
|-|,|When I cough up blood because my throat is so raw an sore #fuckbeingsick ğŸ¤’|
|-|,|an unanticipated day of laying around with a fever &amp; a sore-throat...new listings coming soon! https://t.co/H0VrkfgQnv|
|-|,|this runny nose shit blowing me moe . ğŸ˜‘ğŸ˜‘ğŸ˜‘ğŸ˜‘|
|-|,|It's definitely a fever by now. Not a flu. ğŸ˜”|
|-|,|I cannot breathe through my nose and its runny and I feel so annoying cause I'm sniffling in class|
|-|,|@lou__ser eats it with kleenex stuffed up my nose to absorb snot|
|-|,|Super Bowl --&gt; super sick?! Researchers say Super Bowl celebrations spread flu https://t.co/6nRpSRIzJ8|
|-|,|If my sore throat would go away that we would peachy|
|-|,|still got this sore throat ğŸ˜©|
|+|,|Feel so poorly sore throat, banging headache &amp; backacheğŸ˜·ğŸ˜·roll on having a day off!!|
|-|,|@mfjesus_ I have a sore throat though haha|
|-|,|poor u  https://t.co/c1sZnKoftg|
|-|,|This non stop runny nose is fucking with my anxiety. ğŸ˜«|
|-|,|sore throat|
|-|,|I feel like my sore throat slightly improved, and didnt have any more coughs. Now the hot rice with ginger powder might also help|
|-|,|went to bed with runny nose...woke up with fully stuffed up nose, tearing up, throat swelling...nice nice nice|
|-|,|Salt water is awesome, it's good for sore mouths (teeth and throat), unthawing meat and making your enemies slowly insane.|
|-|,|Its funny when I play games while I'm sick, I get mad yell at nothing then cough, over and over....|
|-|,|Constantly have a cough and a blocked nose and a sore throat ğŸ™|
|-|,|I have 'Mum flu': full of cold, sweating, swollen tonsils, sore throat, until the hubby leaves for work then I'm... https://t.co/hSwvguQ9P6|
|-|,|woke up with a slight fever and a sore throat. why do I feel like this happens every year around my birthday. pissed.|
|-|,|Sore throat is the serious shit.
Hope, Giraffes don't get sore throat.|
|-|,|Chloraseptic Sore Throat Relief FREE at Rite Aide Starting 1/3166 https://t.co/sOknXiSl6i https://t.co/x0lPBQk8kY|
|-|,|@72garywigg72 my throat is sore shouting at him - it's time|
|-|,|Sinus infection, sore throat, and tired as hell. At least I can listen to the sound of rain and thunder â˜”âš¡ğŸ˜Œ|
|-|,|I woke up from my nap with toothache, a sore throat and a sore stomach I feel brill ğŸ‘ğŸ¼|
|-|,|Mum: Well, are you better yet? Is your cold gone?
Me: Mum I literally texted you yesterday that I had a sore throat, no it's not over yet.|
|-|,|I drank tons of water yesterday and suddenly I'm having a sore throat. The irony.|
|-|,|But that's not true I miss 1 appt a playdate
I had the flu.I was not going to be around him
sick.He already had a terrible cold twice doing|
|-|,|Me: I have a sore throat and dry cough
Google: You need to see a specialist it might be cancer|
|-|,|@differentapTT Perfect weather for your sore throat. Pls don't get a cold. Wanted to refill my engine oil but it was raining tonight.|
|-|,|Nothing is worse than having a runny nose for 3 classes|
|-|,|When you finally get over a sore throat so you eating everything you see ğŸ˜©ğŸ˜‚|
|-|,|// runny nose, no, I'm not okay with this|
|-|,|Sick of having this cough now ğŸ˜­ğŸ¤’ğŸ¤•|
|-|,|My throat BEEN sore. Ngikhathele manje|
|-|,|I'm seriously so sore and my throat hurts I need something|
|-|,|@BryceMcQuaid Hah. I just ended up with a sore throat. Because, you know, yelling xD|
|-|,|Awake bcs of this sore throatğŸ˜­|
|-|,|When I get a sore throat https://t.co/xPmCXKSZSl|
|-|,|@ThaneGaming @edbassmaster I think he means he wants a "shout" out so Ed said he has a sore throat a sarcasm.|
|-|,|Taco Bell with a sore throat was a bad choice, but was also really worth it.|
|-|,|Sore throat, bad day and still have no car ğŸ˜ŠğŸ˜ŠğŸ˜ŠğŸ˜Š|
|-|,|Cough Cough Cough Splutter Splutter Oh My Feel Sick Still ğŸ˜·ğŸ˜·ğŸ˜·ğŸ˜·ğŸ˜·|
|-|,|Things to know about me: my hands are always cold &amp; my nose is always runny.
Does this mean I'm always sick?|
|-|,|Ah. This sore throat is a bother.|
|-|,|I have a Fuckingg head ache , my nose is stuffed, I'm just ready too go home ğŸ˜©â—ï¸|
|-|,|Sore throat ğŸ˜©|
|-|,|ğŸ‘€ğŸ‘€ğŸ‘€ https://t.co/lI27tLr0VZ|
|-|,|i woke up with a sore throat.. great|
|-|,|Have not been this sick since I had the flu before Kid was born. Of course @JackKetch1 is not here to go get me ginger ale.|
|-|,|but I can't do this :'( last week I was with a sore throat|
|-|,|I also woke up with a really bad sore throat. :-)|
|-|,|Wowowow just got over being sick a week ago and now my throat is swollen and sore again|
|-|,|@ParentClub ha! We're all sick here EXCEPT the kid - just a cough for her. There is no motivation here for anything beyond soup.|
|-|,|When I'm sick ill I want is crushed Ice and cough dropsğŸ¤•|
|-|,|@itzAMANDAlol yeah i have a fever and sore throat.. it's horrible ;\  AND i'm on my period.. it's legit the worst shit ever|
|-|,|Problem with eating soup, i now have a stuffed nose again.|
|-|,|Just had some tcp for a sore throat. May as well used petrol. Jesus #rotten|
|-|,|I am so sick of this cough|
|-|,|When I'm sick all I want is crushed ice and cough drops ğŸ¤•|
|+|,|I think I passed the stone, but now I feel I have the flu. Fever, nausea, chills, headache. #overit|
|+|,|Have the flu, really sick..... https://t.co/O9kcymMSgA|
|-|,|Suck more"@Abimberry: Sore throat ğŸ˜©"|
|-|,|With the cold in full swing here in Portland, here's a quick tip to soothe that sore throat. #TipTuesday https://t.co/2wuPM0BeAr|
|-|,|My nose is so runny today what have I done to deserve this|
|-|,|"sorry @Abimberry: Sore throat ğŸ˜©"|
|-|,|#EndOfTheWorldbird flu, ebola, lassa fever now where in God's name did #ZikaVirus come from? I pity folks in south america. Jah guide us.|
|+|,|I got the flu shot so I wouldn't get sick but not only am I sick so is Natalia ğŸ˜ŠğŸ˜ŠğŸ˜ŠğŸ˜ŠğŸ˜ŠğŸ˜ŠğŸ˜ŠğŸ˜ŠğŸ˜ŠğŸ˜ŠğŸ˜ŠğŸ˜ŠğŸ˜ŠğŸ˜ŠğŸ˜ŠğŸ˜ŠğŸ˜ŠğŸ˜ŠğŸ˜Š|
|+|,|I'm so sick of that same old flu|
|-|,|Audition for level 3 drama tomorrow and I have a sore throat, wish me luckğŸ˜°ğŸ’• @TheTideDrew @TheTideNate @TheTideAustin @TheTideLevi @TheTide|
|-|,|Had to call out sick today because this cough is terrible|
|-|,|Didn't go to school because I got a sore throat and I can't really talk|
|-|,|I have sore throat but I'm still singing ANTI ğŸ˜‚ ğŸ˜|
|-|,|Even though I have a sore throat and a definite cold coming on,a work load and more responsibilities to uphold, I am so happy|
|-|,|No time to be #sick! The REAL pressure that #parents feel when there is an #illness https://t.co/Sxl5M3z0eX #flu #cold #germs #fever #chills|
|-|,|17 DIY Home Remedies for Runny Nose https://t.co/5lkYDI9WgL https://t.co/5K46enswtN|
|-|,|Feels like I'm getting a sore throat ğŸ˜«|
|-|,|Why are the muscles across my throat sore?|
|-|,|And the reason I was awake so early - scarlet fever. Bastard sore throat. Off to see NP tomorrow.|
|-|,|wrist so cold his arm got runny nose https://t.co/AHmsJUBRR8|
|-|,|And i gotta headache , stef said i gotta fever ğŸ˜‚ğŸ˜‚ğŸ˜‚|
|-|,|My sore throat seems to be gettin worse ğŸ˜´|
|-|,|Why is my nose runny absolutely 100% of the time|
|-|,|I'm sick and you're not helping my sore throat  https://t.co/7I5YynTp0a|
|-|,|bad ass sore throat I can hardly talkğŸ˜·ğŸ˜·|
|-|,|Ear infection, blocked nose, sore throat, and I fell over today. Like proper fell over lol... ğŸ’†ğŸ» GIMME A BREAK|
|-|,|Some less-common #GERD symptoms include a sore throat, extra saliva, nausea, chest pain, coughing, and pain swallowing. #AcidReflux|
|-|,|Least favorite part of being sick is the runny nose.|
|-|,|This runny nose gmfu rn|
|-|,|@MichelleGomezz oh shoot! ğŸ¤•I hope you get better soon. I woke up sick today. Sore throat and a bad cold ğŸ˜ª|
|-|,|Sore throat, sleepless and @LFC  play @LCFC

#LFC #LFCvlcfc|
|-|,|Ice lollies are literally perfection when you have a sore throatğŸ˜|
|-|,|Make sense @Abimberry: Sore throat ğŸ˜©"|
|+|,|Fever, flems, cough.
It feels awful... https://t.co/ABdpIAJCa6|
|+|,|Audrey home sick today with runny nose, belly aches and a fever of 102. Poor baby is feeling extra wimpy (and... https://t.co/VRcqFZTPRo|
|-|,|It annoys me when ppl show up to work sick and cough all over the place #gohome|
|-|,|Other deindeer names: Runny, Dingle, Chopper, Fumble, Samantha, Conrad, Private Dancer, Freak Nose, Cancer| and Mandy.|
|-|,|@simonrug sorry to hear u got sore throat take honey,lemon and littlle cider vinegar and tot
whiskey|
|-|,|My throat is so sore|
|-|,|normally when I have a sore throat it'll go after an hour but my throat has been on fire all day ğŸ˜­ğŸ˜·|
|-|,|yeah sore throat, terrible cough and cramps. what a great weekend|
|-|,|Why do I have a sore throat againğŸ¤•|
|-|,|Cough and Sore Throat: 5 Natural Remedies That Work https://t.co/ux5ttxHK0o|
|-|,|@sydparker23 I think so. She running the fever, runny nose, and fussy asf.|
|-|,|@antiangie That's the only reason I took one - my face feels fine, just a sore throat. I don't think I realized how uncomfortable I was.|
|-|,|Going to school with a fucking sore throat ğŸ˜´|
|-|,|My fricken 21st bday this weekend and I wake up with a sore throat. #mylife|
|-|,|Every year, as many as 20% of Americans get sick with the flu, which can cause serious, even lethal... https://t.co/NPQJ157bEE
 #facts|
|-|,|Lol! I think I'm getting sick and won't go to the dr, but I just picked my fur baby up from the vet for a cough!|
|-|,|If your cold symptoms came on suddenly and you feel very sick, itâ€™s probable that you have a flu|
|-|,|Told mum my throat was sore and she came back with theseâ¤ï¸ https://t.co/iOkJzkQ7e9|
|-|,|Having a runny nose is the most annoying thing ever|
|-|,|what do you call it when mcmurphy gets sick?

one FLU over the cuckoo's nest|
|-|,|My throat is so fucking sore.|
|-|,|Do you knees hurt too? https://t.co/F4H0fkzo04|
|-|,|Weh flu ago man

Chro ó¾Œ ó¾Œ  â€” feeling sick|